Dsu,datastructure/dsu.pyx
FenwickTree,datastructure/fenwicktree.pyx
SegTree,datastructure/segtree.pyx
LazySegTree,datastructure/segtree.pyx
MfGraph,graph/mf_graph.pyx
McfGraph,graph/mcf_graph.pyx
SccGraph,graph/scc.pyx
TwoSat,graph/two_sat.pyx
Conv,math/convolution.pyx
ConvL,math/convolution.pyx
Crt,math/crt.pyx
FloorSum,math/floor_sum.pyx
SuffixArray,string/suffix_array.pyx
SuffixArrayNum,string/suffix_array.pyx
SuffixArrayNumUp,string/suffix_array.pyx
LcpArray,string/lcp_array.pyx
LcpArrayNum,string/lcp_array.pyx
ZAlgorithm,string/z_algorithm.pyx
ZAlgorithmNum,string/z_algorithm.pyx
Read,utility/stdio.pyx
ReadInt,utility/stdio.pyx
PrintLongN,utility/stdio.pyx
PrintLong,utility/stdio.pyx
Set,stl/set.pyx
MultiSet,stl/multiset.pyx
MInt,math/modint.pyx
UMapLI,stl/umap.pyx
Compression,utility/compression.pyx
